level,name,accuracy,ci_low,ci_high,count
leaf,object_aggregation,0.42512451676273094,0.3556405538677606,0.5103289602710285,1875
leaf,object_attributes,0.4375,0.16666666666666666,0.7083333333333333,21
leaf,object_identification,0.0004901960784313725,0.0,0.0024509803921568627,1591
leaf,spatial_localization_camera,0.19776049901530737,0.11755684196117916,0.28916760441080686,427
leaf,spatial_localization_situs,0.11725164203612479,0.015625,0.2570700559318555,86
group,aggregation,0.42512451676273094,0.34942510410834,0.4988779209140076,1875
group,object_recognition,0.05113059698489778,0.03174975614173053,0.07255981050769973,2125
answer_format,binary,0.5527975971397023,0.49174493762816135,0.6146232364127101,548
answer_format,fo_class,0.0,0.0,0.0,1755
answer_format,multiple_choice,0.593199015242026,0.37784090909090906,0.8038958129683935,112
answer_format,number,0.37502360421639686,0.2886454643734381,0.4804441780690616,1326
answer_format,open_ended,0.17968168164602796,0.11824282056370342,0.24986821572598308,259
overall,MEAN,0.22549999999999998,0.1862375,0.26999999999999996,4000
pre_evaluation,SCORE,0.23695686274509803,,,2
